ID;Name;Description;Author;Status;Action
103;Name3;Description2;author2;0;1
104;Name4;Description2;author2;0;1
105;Name5;Description2;author2;1;1
106;Name6;Description2;author2;1;1
107;Name7;Description2;author2;1;1
108;Name8;Description2;author2;0;1
109;Name6;Description2;author2;0;0
110;Name7;Description2;author2;1;0
111;Name8;Description2;author2;1;1
112;Name6;Description2;author2;1;0
113;Name7;Description2;author2;1;0
114;Name8;Description2;author2;1;0
115;Name6;Description2;author2;1;0
116;Name7;Description2;author2;1;0
117;Name8;Description2;author2;1;0
118;Name6;Description2;author2;1;0
119;Name7;Description2;author2;1;0
120;Name8;Description2;author2;1;0
121;Name6;Description2;author2;1;0
122;Name7;Description2;author2;1;0
123;Name8;Description2;author2;1;0
124;Name6;Description2;author2;1;0
125;Name7;Description2;author2;1;0
126;Name8;Description2;author2;1;0
127;test;test;test;1;1
